,会社名,本社所在地,本社電話番号,本社HP,代表者,設立,資本金,売上高,従業員数,事業内容,関連会社,店舗,所在地,電話番号,新車,中古車,軽自動車,サービス,福祉車両,ウェルキャブステーション
0,釧路トヨタ自動車株式会社,北海道釧路市鳥取大通6丁目4番3号,0154-51-3161,https://www.kushirotoyota.jp/,,,,,,,,音更店,北海道河東郡音更町木野大通東１３丁目１番地１２,0155-31-4181,●,,●,●,,
1,釧路トヨタ自動車株式会社,北海道釧路市鳥取大通6丁目4番3号,0154-51-3161,https://www.kushirotoyota.jp/,,,,,,,,帯広店,北海道帯広市東２条南１０丁目２０番地,0155-24-4171,●,,●,●,●,●
2,釧路トヨタ自動車株式会社,北海道釧路市鳥取大通6丁目4番3号,0154-51-3161,https://www.kushirotoyota.jp/,,,,,,,,西帯広店,北海道帯広市西１９条北１丁目６番９号,0155-33-4171,●,●,●,●,,
3,釧路トヨタ自動車株式会社,北海道釧路市鳥取大通6丁目4番3号,0154-51-3161,https://www.kushirotoyota.jp/,,,,,,,,釧路店,北海道釧路市鳥取南５丁目１１番１０号,0154-51-1118,●,,●,●,●,●
4,釧路トヨタ自動車株式会社,北海道釧路市鳥取大通6丁目4番3号,0154-51-3161,https://www.kushirotoyota.jp/,,,,,,,,クレイン鳥取大通店,釧路市鳥取大通６丁目４番３号,0154-55-5800,●,,●,,,
5,釧路トヨタ自動車株式会社,北海道釧路市鳥取大通6丁目4番3号,0154-51-3161,https://www.kushirotoyota.jp/,,,,,,,,鳥取マイカーセンター,北海道釧路市鳥取大通７丁目３番８号,0154-51-1416,,●,●,●,,
6,釧路トヨタ自動車株式会社,北海道釧路市鳥取大通6丁目4番3号,0154-51-3161,https://www.kushirotoyota.jp/,,,,,,,,桜ヶ岡店,北海道釧路市桜ケ岡４丁目６番２号,0154-91-1112,●,,●,●,,
7,釧路トヨタ自動車株式会社,北海道釧路市鳥取大通6丁目4番3号,0154-51-3161,https://www.kushirotoyota.jp/,,,,,,,,中標津店,北海道標津郡中標津町東１６条北１丁目１番,0153-72-3228,●,●,●,●,,
8,釧路トヨタ自動車株式会社,北海道釧路市鳥取大通6丁目4番3号,0154-51-3161,https://www.kushirotoyota.jp/,,,,,,,,根室店,北海道根室市西浜町７丁目１３９番地,0153-23-4141,●,,●,●,,
9,釧路トヨタ自動車株式会社,北海道釧路市鳥取大通6丁目4番3号,0154-51-3161,https://www.kushirotoyota.jp/,,,,,,,,芦野店,北海道釧路郡釧路町桂木３丁目６番１,0154-37-2200,●,,●,●,,
10,釧路トヨタ自動車株式会社,北海道釧路市鳥取大通6丁目4番3号,0154-51-3161,https://www.kushirotoyota.jp/,,,,,,,,厚岸店,厚岸郡厚岸町白浜３丁目５１番地,0153-53-2211,●,,●,●,,
11,釧路トヨタ自動車株式会社,北海道釧路市鳥取大通6丁目4番3号,0154-51-3161,https://www.kushirotoyota.jp/,,,,,,,,標茶店,北海道川上郡標茶町常盤４丁目１１番地,015-485-1511,●,,●,●,,
12,釧路トヨタ自動車株式会社,北海道釧路市鳥取大通6丁目4番3号,0154-51-3161,https://www.kushirotoyota.jp/,,,,,,,,広尾店,北海道広尾郡広尾町並木通西３丁目３０番地,01558-2-2161,●,,●,●,,
13,釧路トヨタ自動車株式会社,北海道釧路市鳥取大通6丁目4番3号,0154-51-3161,https://www.kushirotoyota.jp/,,,,,,,,本別店,北海道中川郡本別町南４丁目８番地,0156-22-2105,●,,●,●,,
